Empresa,Nombre,% Derechos Voto,Fecha Registro CNMV
"TUBACEX, S.A.","BAGOETA, S.L.",18.088,24/09/2007
"TUBACEX, S.A.","BANCA CIVICA, S.A.",8.830,30/06/2011
"TUBACEX, S.A.",BT PENSION SCHEMA TRUSTEES LIMITED,3.006,01/10/2008
"TUBACEX, S.A.","CARTERA INDUSTRIAL REA, S.A.",5.000,14/11/2008
"TUBACEX, S.A.","LARREDER, S.L.",18.088,24/09/2007
"VIDRALA, S.A.","BIDAROA, S.L.",5.662,02/01/2008
"VIDRALA, S.A.","DE LA SOTA POVEDA, FUENSANTA",3.420,04/01/2008
"VIDRALA, S.A.","MUGARBURU, S.L.",5.767,08/01/2008
"VIDRALA, S.A.","URDALA 21, S.L.",5.552,08/01/2008
"VIDRALA, S.A.","ZULUETA PICAVEA, BEGOÑA",6.384,08/04/2008
"GAMESA CORPORACION TECNOLOGICA, S.A.",BLACKROCK GLOBAL FUNDS,3.029,20/05/2008
"GAMESA CORPORACION TECNOLOGICA, S.A.",BLACKROCK INVESTMENT MANAGEMENT (UK) LIMITED,3.366,20/05/2008
"FUNESPAÑA, S.A.","ASTALDO, S.L.",15.010,26/03/2007
"FUNESPAÑA, S.A.",FUNDACION MAPFRE,27.280,28/07/2010
"FUNESPAÑA, S.A.","I.A.F. INVERSIONES Y ASESORAMIENTO FINANCIER, S.L.",9.286,29/07/2010
"FUNESPAÑA, S.A.","RODRIGO FERNANDEZ, JOSE IGNACIO",25.019,07/09/2011
"ALZA REAL ESTATE, S.A.",GISA DEVELOPEMENT INC,4.481,14/11/2011
"ALZA REAL ESTATE, S.A.","SAIZ ALARCON, JUANA",39.349,10/03/2008
"BANCO DE SABADELL, S.A.",BANCO COMERCIAL PORTUGUES,4.696,16/02/2011
"BANCO DE SABADELL, S.A.","FAMOL PARTICIPACIONES, S.L.",4.935,26/11/2010
"BANCO DE SABADELL, S.A.",FUNDO DE PENSOES GRUPO BCP,4.458,15/02/2011
"BANCO DE SABADELL, S.A.","INVERSIONES HEMISFERIO, S.L.",4.626,08/02/2011
"BANCO DE SABADELL, S.A.","JAIPUR INVESTMENT, S.L.",4.993,24/02/2011
"BANCO DE SABADELL, S.A.","MAYOR VENT, S.L. UNIPERSONAL",5.000,23/05/2011
SOCIEDAD ANONIMA DAMM,"BOAG VALORES, S.L.",5.126,01/09/2011
SOCIEDAD ANONIMA DAMM,DR. AUGUST OETKER KG,25.014,21/09/2011
SOCIEDAD ANONIMA DAMM,"LA MORAVIA D´INVERSIONS, S.A.",6.056,31/08/2011
"ACCIONA, S.A.",ENTREAZCA BV,24.715,20/07/2011
"ACCIONA, S.A.",JELICO NETHERLANDS BV,3.156,20/07/2011
"ACCIONA, S.A.",NOVERTINO NV,3.156,26/07/2011
"ACCIONA, S.A.",TUSSEN DE GRACHTEN BV,25.051,20/07/2011
"LA SEDA DE BARCELONA, S.A.","CAIXA GERAL DE DEPOSITOS, S.A.",14.772,13/08/2010
"GAS NATURAL SDG, S.A.",ACCION CONCERTADA,67.899,02/08/2011
"GAS NATURAL SDG, S.A.",SONATRACH,3.850,15/11/2011
"ESTABANELL Y PAHISA, S.A.","EXUSIA, S.L.",15.822,26/05/2006
"ESTABANELL Y PAHISA, S.A.",INSTITUCION JOSEFA MARESCH SERVET,24.700,20/02/1990
"ESTABANELL Y PAHISA, S.A.","ROINSAVE, S.L.",7.963,03/10/2005
"ESTABANELL Y PAHISA, S.A.","TASISEKU, S.L.",7.964,24/05/2006
"ESTABANELL Y PAHISA, S.A.","TISOCUPRO, S.L.",10.323,29/05/2006
"CEMENTOS MOLINS, S.A.","MOLINS GIL, JOAQUIN MARIA",24.000,12/07/2006
"CEMENTOS MOLINS, S.A.","OTINIX, S.A.",15.812,26/11/2004
"MIQUEL Y COSTAS & MIQUEL, S.A.","BANCO MARE NOSTRUM, S.A.",18.107,07/10/2011
"MIQUEL Y COSTAS & MIQUEL, S.A.","BESTINFOND, FI",4.562,02/06/2008
"MIQUEL Y COSTAS & MIQUEL, S.A.","BESTINVER BOLSA, FI",4.767,02/06/2008
"MIQUEL Y COSTAS & MIQUEL, S.A.","BESTINVER GESTION, S.A., S.G.I.I.C.",10.047,02/01/2007
"MIQUEL Y COSTAS & MIQUEL, S.A.",CAIXA D´ESTALVIS DEL PENEDES,18.107,13/12/2010
"MIQUEL Y COSTAS & MIQUEL, S.A.",CEP VIDA DE SEGUROS Y REASEGUROS S.A.,12.200,25/02/1997
"MIQUEL Y COSTAS & MIQUEL, S.A.","ENKIDU INVERSIONES, S.L.",6.503,30/07/2008
"MIQUEL Y COSTAS & MIQUEL, S.A.","ESCASANY MIQUEL, MARIA DEL CARMEN",6.271,09/01/2008
"MIQUEL Y COSTAS & MIQUEL, S.A.","HACIA, S.A.",8.244,21/07/2005
"MIQUEL Y COSTAS & MIQUEL, S.A.",INSINGER DE BEAUFORT ASSET MANAGEMENT N.V.,3.697,29/01/2008
"MIQUEL Y COSTAS & MIQUEL, S.A.",LIBERTY INVESTMENTS SRL,1.024,12/07/2011
"MIQUEL Y COSTAS & MIQUEL, S.A.","MIQUEL JANE, JOSE",5.420,11/10/2000
"MIQUEL Y COSTAS & MIQUEL, S.A.",NORGES BANK,4.952,23/03/2011
"URBAS GRUPO FINANCIERO, S.A.","ARCO 2000, S.L.",3.968,11/11/2011
"URBAS GRUPO FINANCIERO, S.A.","MINGUEZ NAVARRO, JOAQUIN ANGEL",3.969,11/11/2011
"MAPFRE, S.A.","BANCO FINANCIERO Y DE AHORROS, S.A.",14.992,08/07/2011
"MAPFRE, S.A.",FUNDACION MAPFRE,63.049,29/05/2008
"COMPANYIA D´AIGÜES DE SABADELL, S.A.",AYUNTAMIENTO DE SABADELL,23.640,11/06/1996
"COMPANYIA D´AIGÜES DE SABADELL, S.A.","BANCO DE SABADELL, S.A.",5.671,20/12/2005
"COMPANYIA D´AIGÜES DE SABADELL, S.A.","BANSABADELL INVERSIO DESENVOLUPAMENT, S.A.",5.671,23/12/2005
"COMPANYIA D´AIGÜES DE SABADELL, S.A.",FONDO DE REESTRUCTURACION ORDENADA BANCARIA,7.255,07/10/2011
"COMPANYIA D´AIGÜES DE SABADELL, S.A.","SOCIEDAD GENERAL DE AGUAS DE BARCELONA, S.A.",10.651,23/04/2009
"COMPANYIA D´AIGÜES DE SABADELL, S.A.","UNNIM BANC, S.A.",7.255,07/10/2011
"NYESA VALORES CORPORACION, S.A.",ACCION CONCERTADA,71.303,16/09/2011
"NYESA VALORES CORPORACION, S.A.","BARTIBAS HERRERO, JOSE LUIS",9.205,19/05/2011
"NYESA VALORES CORPORACION, S.A.","BARTIBAS LARRAGAY, JOSE LUIS",11.874,27/02/2009
"NYESA VALORES CORPORACION, S.A.",GEM CAPITAL SAS,"",""
"INDUSTRIAS DEL ACETATO DE CELULOSA, S.A.","GERSIDOSA, S.A.",6.770,15/04/2008
"INDUSTRIAS DEL ACETATO DE CELULOSA, S.A.","GRUPO CORINPA, S.L.",10.598,08/05/2009
"INDUSTRIAS DEL ACETATO DE CELULOSA, S.A.","GVC GAESCO GESTIÓN, SGIIC, S.A.",5.919,20/05/2009
"INDUSTRIAS DEL ACETATO DE CELULOSA, S.A.","MERCADE BERTRAN, JOAN MARIA",5.576,13/05/2009
"INDUSTRIAS DEL ACETATO DE CELULOSA, S.A.","NOVAREX ACTIUS MOBILIARIS, SICAV, SA",5.392,06/05/2009
"INDUSTRIAS DEL ACETATO DE CELULOSA, S.A.","PRADO PAVON, JOSE",7.103,14/04/2008
"INDUSTRIAS DEL ACETATO DE CELULOSA, S.A.","PSD IMMO, S.L.",7.103,15/04/2008
"INDUSTRIAS DEL ACETATO DE CELULOSA, S.A.","SIMO DOMENECH, PERE",7.103,14/04/2008
"INDUSTRIAS DEL ACETATO DE CELULOSA, S.A.","THUNDERCRACK, S.L.",7.103,15/04/2008
"INDUSTRIAS DEL ACETATO DE CELULOSA, S.A.","VALORES INDUSTRIALES, S.A.",6.029,08/05/2009
"LEFA, S.A.","CANALS SUÑE, MARIA LUISA",26.160,13/09/1999
"LEFA, S.A.","FUSENA, S.L.",20.000,10/10/2008
"LEFA, S.A.","MENDICOUAGUE LOPEZ, PEDRO",22.770,21/09/1999
"UNION EUROPEA DE INVERSIONES, S.A.","COMPAÑIA DE GESTION DE SERVICIOS, S.A.",6.367,19/12/2006
"UNION EUROPEA DE INVERSIONES, S.A.","FUNDACION IEI, S.A.",12.905,19/12/2006
"UNION EUROPEA DE INVERSIONES, S.A.",FUNDACION PARA EL DESARROLLO Y LA COOPERACION INTERNACIONAL,11.254,19/12/2006
"UNION EUROPEA DE INVERSIONES, S.A.",FUNDACION UNIVERSITARIA DE NAVARRA,5.010,29/07/2010
"UNION EUROPEA DE INVERSIONES, S.A.","INSTITUTO DE EDUCACION E INVESTIGACION, S.A.",5.140,19/12/2006
"UNION EUROPEA DE INVERSIONES, S.A.","INVERSIONES BOSQUES DE BENDINAT, S.L.",5.097,19/12/2006
"UNION EUROPEA DE INVERSIONES, S.A.","RODRIGUEZ GARCIA, JOSE RAMON",6.819,06/03/2008
"UNION EUROPEA DE INVERSIONES, S.A.","SINVI INVERSIONES MOBILIARIAS, S.L.",10.504,25/06/2007
"UNION EUROPEA DE INVERSIONES, S.A.","TOPBREACH HOLDING, B.V.",5.752,20/12/2006
"UNION EUROPEA DE INVERSIONES, S.A.","VIVIENDAS Y OFICINAS, S.A.",5.212,04/10/2007
"GRUPO CATALANA OCCIDENTE, S.A.","CO SOCIEDAD DE GESTION Y PARTICIPACION, S.A.",56.718,01/06/2011
"COMPAÑIA DE INVERSIONES MOBILIARIAS BARCINO, S.A.","ENERGIAS MANCHEGAS, S.L.",20.019,28/10/2009
"COMPAÑIA DE INVERSIONES MOBILIARIAS BARCINO, S.A.","FERNANDEZ-FLORES SAINZ, MARIA LUISA",25.031,14/04/2010
"COMPAÑIA DE INVERSIONES MOBILIARIAS BARCINO, S.A.","FERNANDEZ-FLORES SAINZ, PILAR",24.420,29/12/2010
"COMPAÑIA DE INVERSIONES MOBILIARIAS BARCINO, S.A.","FERNANDEZ-FLORES SAINZ, RAFAEL",20.019,20/11/2009
"COMPAÑIA DE INVERSIONES MOBILIARIAS BARCINO, S.A.","GERENCIA DE VALORES, S.G.C., S.A. baja 19.07.02",24.420,29/12/2010
"COMPAÑIA DE INVERSIONES MOBILIARIAS BARCINO, S.A.","GRUPPACO, S.L.",25.031,14/04/2010
"COMPAÑIA DE INVERSIONES MOBILIARIAS BARCINO, S.A.","SAINZ FUERTES, PILAR",10.153,29/06/2011
"COMPAÑIA DE INVERSIONES MOBILIARIAS BARCINO, S.A.","YERUSHALAYIN, S.A.",10.153,24/06/2011
"ABERTIS INFRAESTRUCTURAS, S.A.",ACCION CONCERTADA,25.832,06/09/2010
"ABERTIS INFRAESTRUCTURAS, S.A.",CAJA DE AHORROS Y PENSIONES DE BARCELONA,28.477,02/08/2011
"ABERTIS INFRAESTRUCTURAS, S.A.","INVERSIONES AUTOPISTAS, S.L.",7.753,06/06/2003
"INDO INTERNACIONAL, S.A.","COTTET SEBILE, JANINE",15.149,20/08/2008
"INDO INTERNACIONAL, S.A.","COTTET SEBILE, JORGE",10.376,18/12/2008
"INDO INTERNACIONAL, S.A.","DIAZ-MORERA PUIG-SUREDA, EUSEBIO",6.746,29/06/2010
"INDO INTERNACIONAL, S.A.","PEREZ-NIEVAS HEREDERO, JOSE ANTONIO",3.733,25/05/2010
"DOGI INTERNATIONAL FABRICS, S.A.",ACCION CONCERTADA,5.436,29/07/2009
"DOGI INTERNATIONAL FABRICS, S.A.","BOLQUET, S.L.",9.350,28/02/2007
"DOGI INTERNATIONAL FABRICS, S.A.","HISPANICA DE CALDERERIA, S.A.L.",9.266,21/05/2009
"MOBILIARIA MONESA, S.A.",CAIXA D´ESTALVIS DE GIRONA,14.930,10/11/1993
"MOBILIARIA MONESA, S.A.","CARTERA DE INVERSIONES C.M., S.A.",5.000,02/09/1999
"MOBILIARIA MONESA, S.A.","CORBIS PORTFOLIO ASSETS, S.L.",18.038,17/10/2011
"MOBILIARIA MONESA, S.A.","GUILLO VIVE, DANIEL",6.126,19/10/2007
"MOBILIARIA MONESA, S.A.","GUINART VILLARET, FRANCISCO",16.684,05/08/2004
"MOBILIARIA MONESA, S.A.","MOLINS GIL, JOAQUIN MARIA",5.000,26/10/1999
"MOBILIARIA MONESA, S.A.","PERELLO PONS, PEDRO",24.953,18/04/2007
"TESTA INMUEBLES EN RENTA, S.A.","SACYR VALLEHERMOSO, S.A.",99.200,20/04/2001
"UNION CATALANA DE VALORES, S.A.","COMPAÑIA ANONIMA DE VALORES Y RENTAS, S.A.",52.250,31/01/1990
"UNION CATALANA DE VALORES, S.A.","GOMIS PERERA, GERTURDIS",11.368,23/06/2003
"UNION CATALANA DE VALORES, S.A.","INVERSIONES GOPIN, S.A.",65.305,18/07/2003
"UNION CATALANA DE VALORES, S.A.","INVERSIONES PUIGDRAU, S.L.",11.360,23/06/2003
"UNION CATALANA DE VALORES, S.A.","INVERSIONES SEN, S.L.",11.360,26/06/2003
"UNION CATALANA DE VALORES, S.A.","INVERSIONES TEMIS, S.L.",11.360,23/06/2003
"INVERPYME, S.C.R. DE REGIMEN COMUN, S.A.","AGATEX, S.A.",7.665,21/08/2001
"INVERPYME, S.C.R. DE REGIMEN COMUN, S.A.","AGRUPACIO MUTUA DEL COMERC I DE LA INDUSTRIA, MUTUA DNASSEGURANCES I R.P.F.",25.000,07/01/2009
"INVERPYME, S.C.R. DE REGIMEN COMUN, S.A.","MADERSI, S.A.",5.750,25/07/2001
"INVERPYME, S.C.R. DE REGIMEN COMUN, S.A.","MARTI BARTOLI, JUAN",5.001,21/08/2001
"INVERPYME, S.C.R. DE REGIMEN COMUN, S.A.","SPARTEX, S.A.",5.750,25/07/2001
"CAIXABANK, S.A.",CAJA DE AHORROS Y PENSIONES DE BARCELONA,81.516,06/07/2011
"CAMPOFRIO FOOD GROUP, S.A.","BANCA CIVICA, S.A.",4.173,03/08/2011
"CAMPOFRIO FOOD GROUP, S.A.","CARBAL, S.A.",12.836,08/01/2009
"CAMPOFRIO FOOD GROUP, S.A.",CYCLADIC CATALYST MASTER FUND,1.282,04/07/2005
"CAMPOFRIO FOOD GROUP, S.A.","INMO 3, S.L.",3.764,05/05/2011
"CAMPOFRIO FOOD GROUP, S.A.","OCM EUROPEAN PRINCIPAL OPPORTUNITIES FUND, L.P.",16.641,08/01/2009
"CAMPOFRIO FOOD GROUP, S.A.","OCM OPPORTUNITIES FUND VI, L.P.",7.609,03/02/2009
"CAMPOFRIO FOOD GROUP, S.A.","SMITHFIELD FOODS, INC",36.990,28/01/2009
"BANKIA, S.A","BANCO FINANCIERO Y DE AHORROS, S.A.",52.408,27/07/2011
"BANKIA, S.A",FUNDACION MAPFRE,4.310,22/07/2011
"BANCO PASTOR, S.A.","AÑON REY, MANUEL",3.598,08/08/2008
"BANCO PASTOR, S.A.","FINANCIERE TESALIA, S.A.",5.041,22/09/2011
"BANCO PASTOR, S.A.",FONDO DE REESTRUCTURACION ORDENADA BANCARIA,5.185,14/11/2011
"BANCO PASTOR, S.A.",FUNDACION PEDRO BARRIE DE LA MAZA,42.176,21/09/2011
"BANCO PASTOR, S.A.","ORTEGA GAONA, AMANCIO",5.001,09/01/2006
"BANCO PASTOR, S.A.","PONTEGADEA INVERSIONES, S.L.",5.001,04/01/2006
"INDUSTRIA DE DISEÑO TEXTIL, S.A.","MERA GOYENECHEA, ROSALIA",6.993,15/01/2002
"INDUSTRIA DE DISEÑO TEXTIL, S.A.","PARTLER 2006, S.L.",9.284,14/12/2006
"INDUSTRIA DE DISEÑO TEXTIL, S.A.","ROSP CORUNNA PARTICIPACIONES EMPRESARIALES, S.L.",6.993,10/01/2002
"FLUIDRA, S.A.",ACCION CONCERTADA,59.467,19/09/2011
"FLUIDRA, S.A.",AVIVA INTERNATIONAL HOLDINGS LIMITED,3.007,14/10/2009
"FLUIDRA, S.A.","BANCA CIVICA, S.A.",7.999,30/06/2011
"FLUIDRA, S.A.","CARTERA INDUSTRIAL REA, S.A.",4.439,31/01/2011
"FLUIDRA, S.A.","COSTAFREDA JO, ALBERT",3.087,29/07/2008
"BIOSEARCH, S.A.","BESNIER , EMMANUEL GEORGES PHILIPPE",29.900,03/06/2011
"BIOSEARCH, S.A.","EBRO FOODS, S.A.",19.976,05/07/2011
"BIOSEARCH, S.A.",PESCADERIAS CORUÑESAS,5.061,31/10/2007
"GRUPO TAVEX, S.A.","BAHEMA, S.A.",4.630,29/06/2009
"GRUPO TAVEX, S.A.","CAMARGO CORREA, S.A.",49.698,29/05/2008
"GRUPO TAVEX, S.A.",FONDO DE REESTRUCTURACION ORDENADA BANCARIA,5.000,14/11/2011
"GRUPO TAVEX, S.A.","PEREZ-NIEVAS HEREDERO, JOSE ANTONIO",3.420,06/08/2010
"GRUPO TAVEX, S.A.","RILAFE, S.L.",6.428,04/06/2008
"CONSTRUCCIONES Y AUXILIAR DE FERROCARRILES, S.A","BANCA CIVICA, S.A.",3.010,30/06/2011
"CONSTRUCCIONES Y AUXILIAR DE FERROCARRILES, S.A",BNP PARIBAS SEGURITIES SERVICES LUX A/C CEDA,5.473,14/07/2006
"CONSTRUCCIONES Y AUXILIAR DE FERROCARRILES, S.A","CARTERA SOCIAL, S.A.",29.560,09/01/2008
"CONSTRUCCIONES Y AUXILIAR DE FERROCARRILES, S.A","COMPAÑIA ANDALUZA DE RENTAS E INVERSIONES, S.A.",3.010,01/07/2010
"CIE AUTOMOTIVE, S.A.","BANCA CIVICA, S.A.",5.000,30/06/2011
"CIE AUTOMOTIVE, S.A.",IBERIAN CAPITAL (GP) I LIMITED,3.487,13/11/2006
"CIE AUTOMOTIVE, S.A.",QMC DEVELOPMENT CAPITAL FUND PLC,7.473,31/01/2005
"URBAR INGENIEROS, S.A.","COMPAÑIA DE INVERSIONES EUROPEA HOLDING ESPAÑA,S.A.",12.159,13/05/2005
"URBAR INGENIEROS, S.A.",FERRIER LULLIN ET CIE,11.320,03/10/1997
"URBAR INGENIEROS, S.A.",ROPHI CORPORATION,9.531,04/04/2003
"URBAR INGENIEROS, S.A.","SALGUERO MUNAR, CARLOS EDUARDO",22.568,24/02/2010
"URBAR INGENIEROS, S.A.","TOCOLCE, S.A.",19.757,09/02/2007
"IBERPAPEL GESTION, S.A.","BESTINVER GESTION, S.A., S.G.I.I.C.",7.061,01/09/2010
"IBERPAPEL GESTION, S.A.","CAREAGA SALAZAR, MARIA DEL CARMEN",7.583,26/12/2007
"IBERPAPEL GESTION, S.A.","ONCHENA, S.L.",7.583,26/12/2007
SOCIEDAD ANONIMA HULLERA VASCO-LEONESA,"BESTINVER BOLSA, FI",3.777,02/06/2008
SOCIEDAD ANONIMA HULLERA VASCO-LEONESA,"BESTINVER GESTION, S.A., S.G.I.I.C.",5.038,09/08/2004
SOCIEDAD ANONIMA HULLERA VASCO-LEONESA,"CARBONES DEL NORTE, S.A.",25.019,24/09/2002
SOCIEDAD ANONIMA HULLERA VASCO-LEONESA,"HULLERAS DE SABERO Y ANEXAS, S.A.",7.990,16/02/1996
"BODEGAS RIOJANAS, S.A.","ARTACHO NIETO, MARIA DOLORES",7.201,04/06/2001
"BODEGAS RIOJANAS, S.A.","ARTACHO NIETO, VICTOR JOSE",8.908,27/07/2001
"BODEGAS RIOJANAS, S.A.","FRIAS ECHEVARRIA, FELIPE",8.042,19/06/2001
"BODEGAS RIOJANAS, S.A.","LA PREVISION MALLORQUINA DE SEGUROS, S.A.",6.360,25/01/2011
"BODEGAS RIOJANAS, S.A.","LIBERTAS 7, S.A.",12.725,13/01/2010
"BANCO ESPAÑOL DE CREDITO, S.A.","BANCO SANTANDER, S.A.",89.949,07/02/2011
"BANCO POPULAR ESPAÑOL, S.A.",CAISSE FEDERALE DE CREDIT MUTUEL,5.033,25/08/2011
"BANCO POPULAR ESPAÑOL, S.A.","DRESDNER HOLDING B.V., AMSTERDAM",5.931,08/05/2007
"BANCO POPULAR ESPAÑOL, S.A.",SILCHESTER INTERNATIONAL INVESTORS LTD.,3.030,21/12/2010
"BANCO POPULAR ESPAÑOL, S.A.","SOCIEDAD GENERAL FINANCIERA, S.A.",14.412,28/02/2008
"DURO FELGUERA, S.A.","AGUILERA IZQUIERDO, JOSE ANTONIO",19.234,24/07/2007
"DURO FELGUERA, S.A.","ALVAREZ ARROJO, JUAN GONZALO",20.609,11/05/2007
"DURO FELGUERA, S.A.","ARIAS LOPEZ, RAMIRO",8.329,29/07/2011
"DURO FELGUERA, S.A.","CARTERA DE INVERSIONES MELCA, S.L.",6.327,19/05/2003
"DURO FELGUERA, S.A.","CONSTRUCCIONES TERMORACAMA, S.L.",8.328,20/07/2011
"DURO FELGUERA, S.A.","GARCIA ARIAS, JOSE LUIS",7.600,06/05/2008
"DURO FELGUERA, S.A.","TSK ELECTRONICA Y ELECTRICIDAD, S.A.",10.017,17/04/2007
"AYCO GRUPO INMOBILIARIO, S.A.","ARISMOENANDAK , MYRNA DEWI KUSUMA",8.100,05/02/1996
"AYCO GRUPO INMOBILIARIO, S.A.","BANCO MARE NOSTRUM, S.A.",41.704,07/10/2011
"AYCO GRUPO INMOBILIARIO, S.A.","BINSTOCK , JUDAHELEAZAR",11.400,05/02/1998
"AYCO GRUPO INMOBILIARIO, S.A.","CAJA ESPAÑA DE INVERSIONES, SALAMANCA Y SORIA, CAJA DE AHORROS Y MONTE DE PIEDAD",20.000,07/10/2010
"AYCO GRUPO INMOBILIARIO, S.A.","COMPAÑIA LEVANTINA DE EDIFICACION Y OBRAS PUBLICAS, S.A.",3.797,18/03/2008
"AYCO GRUPO INMOBILIARIO, S.A.",CORPORACION DE NUEVA MARBELLA,10.000,30/01/1998
"AYCO GRUPO INMOBILIARIO, S.A.",EASTDROP DEVELOPMENTS LIMITED,5.140,20/12/1994
"AYCO GRUPO INMOBILIARIO, S.A.","INVERSIONES MONTVALIER, S.A.",8.100,08/01/1996
"AYCO GRUPO INMOBILIARIO, S.A.","LAFARGE ASLAND, S.A.",9.760,21/12/1990
"AYCO GRUPO INMOBILIARIO, S.A.","LAFARGE, S.A.",9.760,21/12/1990
"AYCO GRUPO INMOBILIARIO, S.A.",LOFTUS ENTERPRISES LIMITED,6.000,21/04/1994
"AYCO GRUPO INMOBILIARIO, S.A.",NEXITY,22.020,08/05/2001
"AYCO GRUPO INMOBILIARIO, S.A.","TEVIC, S.L.",8.100,18/07/1996
"AYCO GRUPO INMOBILIARIO, S.A.","VALIMATEC, S.A.",9.680,22/11/1995
"ACS, ACTIVIDADES DE CONSTRUCCION Y SERVICIOS, S.A.","BALEAR INVERSIONES FINANCIERAS, S.L.",5.000,29/06/2007
"ACS, ACTIVIDADES DE CONSTRUCCION Y SERVICIOS, S.A.","CORPORACION FINANCIERA ALBA, S.A.",18.305,07/02/2011
"ACS, ACTIVIDADES DE CONSTRUCCION Y SERVICIOS, S.A.","CORPORACION FINANCIERA ALCOR, S.A.",12.500,17/04/2007
"ACS, ACTIVIDADES DE CONSTRUCCION Y SERVICIOS, S.A.","FLUXA ROSSELLO, MIGUEL",5.290,30/09/2008
"ACS, ACTIVIDADES DE CONSTRUCCION Y SERVICIOS, S.A.","IBEROSTAR HOTELES Y APARTAMENTOS, S.L.",5.000,25/06/2007
"ACS, ACTIVIDADES DE CONSTRUCCION Y SERVICIOS, S.A.","IMVERNELIN PATRIMONIO, S.L.",11.073,17/04/2007
"ACS, ACTIVIDADES DE CONSTRUCCION Y SERVICIOS, S.A.","INVERSIONES VESAN, S.A.",11.000,22/03/2007
"ACS, ACTIVIDADES DE CONSTRUCCION Y SERVICIOS, S.A.","SOUTHEASTERN ASSET MANAGEMENT, INC",5.055,24/07/2009
"ZARDOYA OTIS, S.A.",UNITED TECHNOLOGIES CORPORATION,50.010,12/08/2011
"SNIACE, S.A.","FERNANDEZ MARTINEZ, JOSE LUIS",5.975,03/01/2007
"SNIACE, S.A.","GARCIA VALLINA, SABINO",5.530,31/03/2008
"SNIACE, S.A.","GOMEZ-SAINZ GARCIA, GERARDO DAVID",9.997,31/10/2011
"SNIACE, S.A.","SJ OCHO PROMOCIONES Y OBRAS, S.A.",7.115,01/02/2010
"SNIACE, S.A.","TSK ELECTRONICA Y ELECTRICIDAD, S.A.",5.530,21/01/2008
"SACYR VALLEHERMOSO, S.A.","ABELLO GALLO, JUAN",9.623,02/03/2011
"SACYR VALLEHERMOSO, S.A.",ACCION CONCERTADA,15.895,08/07/2011
"SACYR VALLEHERMOSO, S.A.",ACCION CONCERTADA,12.276,19/07/2011
"SACYR VALLEHERMOSO, S.A.","DEL RIVERO ASENSIO, LUIS FERNANDO",12.586,06/07/2011
"SACYR VALLEHERMOSO, S.A.","DISA CORPORACION PETROLIFERA, S.A.",13.012,08/07/2011
"SACYR VALLEHERMOSO, S.A.",FONDO DE REESTRUCTURACION ORDENADA BANCARIA,6.733,14/11/2011
"SACYR VALLEHERMOSO, S.A.","GRUPO EMPRESARIAL FUERTES, S.L.",5.020,13/10/2011
"SACYR VALLEHERMOSO, S.A.","LOUREDA MANTIÑAN, JOSE MANUEL",12.652,08/07/2011
"SACYR VALLEHERMOSO, S.A.","MORENO CARRETERO, JOSE DEL PILAR",5.003,08/04/2011
"TELEFONICA, S.A.","BANCO BILBAO VIZCAYA ARGENTARIA, S.A.",6.961,19/07/2006
"TELEFONICA, S.A.",BLACKROCK INC.,3.767,04/02/2010
"TELEFONICA, S.A.","CAIXABANK, S.A.",5.019,04/07/2007
"TELEFONICA, S.A.",CAJA DE AHORROS Y PENSIONES DE BARCELONA,5.442,04/07/2007
"METROVACESA, S.A.","BANCO BILBAO VIZCAYA ARGENTARIA, S.A.",17.340,04/08/2011
"METROVACESA, S.A.","BANCO DE SABADELL, S.A.",12.352,05/08/2011
"METROVACESA, S.A.","BANCO FINANCIERO Y DE AHORROS, S.A.",19.068,09/08/2011
"METROVACESA, S.A.","BANCO POPULAR ESPAÑOL, S.A.",11.969,04/08/2011
"METROVACESA, S.A.","BANCO SANTANDER, S.A.",34.866,05/08/2011
"COMPAÑIA LOGISTICA DE HIDROCARBUROS CLH, S.A.",AMP CAPITAL INVESTORS LIMITED,10.000,20/12/2010
"COMPAÑIA LOGISTICA DE HIDROCARBUROS CLH, S.A.","BILBAO BIZKAIA KUTXA, AURREZKI KUTXA ETA BAHITETXEA",5.000,26/03/2010
"COMPAÑIA LOGISTICA DE HIDROCARBUROS CLH, S.A.","BP OIL ESPAÑA, S.A.",5.000,22/04/2003
"COMPAÑIA LOGISTICA DE HIDROCARBUROS CLH, S.A.","BRITISH PETROLEUM COMPANY, P.L.C.",5.000,03/06/2003
"COMPAÑIA LOGISTICA DE HIDROCARBUROS CLH, S.A.","COMPAÑIA ESPAÑOLA DE PETROLEOS, S.A.",14.150,25/03/2003
"COMPAÑIA LOGISTICA DE HIDROCARBUROS CLH, S.A.","DEUTSCHE BANK, A.G.",5.000,11/07/2011
"COMPAÑIA LOGISTICA DE HIDROCARBUROS CLH, S.A.",FONDO DE REESTRUCTURACION ORDENADA BANCARIA,5.000,14/11/2011
"COMPAÑIA LOGISTICA DE HIDROCARBUROS CLH, S.A.","GALP ENERGIA, SGPS, S.A.",5.000,04/12/2002
"COMPAÑIA LOGISTICA DE HIDROCARBUROS CLH, S.A.","GLOBAL KAMALA, S.L.U.",5.000,18/12/2007
"COMPAÑIA LOGISTICA DE HIDROCARBUROS CLH, S.A.",GLOBAL SALAMINA,5.000,23/06/2008
"COMPAÑIA LOGISTICA DE HIDROCARBUROS CLH, S.A.",HER MAJESTY THE QUEEN IN RIGHT OF ALBERTA,5.000,23/06/2008
"COMPAÑIA LOGISTICA DE HIDROCARBUROS CLH, S.A.",OMAN OIL CONMPANY S.A.O.C.,10.000,26/03/2003
"COMPAÑIA LOGISTICA DE HIDROCARBUROS CLH, S.A.","OMAN OIL HOLDINGS SPAIN, S.L.",10.000,18/03/2003
"COMPAÑIA LOGISTICA DE HIDROCARBUROS CLH, S.A.","PETROGAL ESPAÑOLA, S.A.",5.000,26/11/2002
"COMPAÑIA LOGISTICA DE HIDROCARBUROS CLH, S.A.","PETROLEOS DEL NORTE, S.A.",5.330,29/11/2002
"COMPAÑIA LOGISTICA DE HIDROCARBUROS CLH, S.A.",PUBLIC SECTOR PENSION INVESTMENT BOARD,5.000,24/06/2008
"COMPAÑIA LOGISTICA DE HIDROCARBUROS CLH, S.A.","REPSOL YPF, S.A.",9.999,29/03/2010
"COMPAÑIA LOGISTICA DE HIDROCARBUROS CLH, S.A.",STICHTING PENSIOENFONDS ZORG EN WELZIJN,5.000,23/06/2008
"ENDESA, S.A.",ENEL S.P.A.,92.063,30/06/2009
"INMOBILIARIA COLONIAL, S.A.","BANCO POPULAR ESPAÑOL, S.A.",4.599,08/07/2010
"INMOBILIARIA COLONIAL, S.A.",CAJA DE AHORROS Y PENSIONES DE BARCELONA,5.787,02/08/2011
"INMOBILIARIA COLONIAL, S.A.","COMMERZBANK, A.G.",19.984,13/06/2011
"INMOBILIARIA COLONIAL, S.A.",CORAL PARTNERS (LUX) S.A.R.L.,14.734,07/07/2010
"INMOBILIARIA COLONIAL, S.A.","CREDIT AGRICOLE, S.A.",19.683,07/10/2010
"INMOBILIARIA COLONIAL, S.A.","THE GOLDMAN SACHS GROUP, INC.",4.944,09/06/2011
"INMOBILIARIA COLONIAL, S.A.","THE ROYAL BANK OF SCOTLAND GROUP, PLC",19.992,24/09/2010
"NH HOTELES, S.A.",ACCION CONCERTADA,20.743,30/12/2009
"NH HOTELES, S.A.",ACCION CONCERTADA,11.570,30/12/2009
"NH HOTELES, S.A.","BANCAJA INVERSIONES, S.A.",5.659,05/05/2010
"NH HOTELES, S.A.","BANCO FINANCIERO Y DE AHORROS, S.A.",15.747,25/05/2011
"NH HOTELES, S.A.",CAJA DE AHORROS Y MONTE DE PIEDAD DE GIPUZKOA Y SAN SEBASTIAN,6.250,02/06/2011
"NH HOTELES, S.A.","CAJA DE AHORROS Y MONTE DE PIEDAD DE ZARAGOZA, ARAGON Y RIOJA (IBERCAJA)",5.041,09/01/2008
"NH HOTELES, S.A.","CASTRO SOUSA, JOSE ANTONIO",25.088,02/10/2007
"NH HOTELES, S.A.","CK CORPORACION KUTXA-KUTXA KORPORAZIOA, S.L.",6.250,02/06/2011
"NH HOTELES, S.A.","INTESA SANPAOLO, S.P.A.",5.652,05/10/2009
"NH HOTELES, S.A.","ORTEGA GAONA, AMANCIO",5.071,05/03/2007
"NH HOTELES, S.A.","PONTEGADEA INVERSIONES, S.L.",5.071,05/03/2007
"URALITA, S.A.",ACCION CONCERTADA,79.063,17/01/2008
"URALITA, S.A.",CYCLADIC CATALYST MASTER FUND,1.038,17/01/2006
"FOMENTO DE CONSTRUCCIONES Y CONTRATAS, S.A.","AZATE, S.L.",6.798,21/07/2008
"FOMENTO DE CONSTRUCCIONES Y CONTRATAS, S.A.","KOPLOWITZ ROMERO JOSEU, ESTHER",53.956,21/07/2008
"FOMENTO DE CONSTRUCCIONES Y CONTRATAS, S.A.","THE ROYAL BANK OF SCOTLAND GROUP, PLC",3.402,16/01/2009
"LABORATORIOS FARMACEUTICOS ROVI, S.A.","BANCO MARE NOSTRUM, S.A.",4.441,07/10/2011
"LABORATORIOS FARMACEUTICOS ROVI, S.A.","BESTINVER GESTION, S.A., S.G.I.I.C.",3.117,07/02/2011
"LABORATORIOS FARMACEUTICOS ROVI, S.A.",BLACKROCK INC.,3.003,11/11/2010
"LABORATORIOS FARMACEUTICOS ROVI, S.A.","INVERSIONES CLIDIA, S.L.",60.005,10/12/2007
"NICOLAS CORREA, S.A.","CHLOE JEAN, MCCRAKEN",5.002,03/07/2006
"NICOLAS CORREA, S.A.","DINAMIA CAPITAL PRIVADO, S.A., SCR",14.775,06/08/2008
"RUSTICAS, S.A.","AMAZONIA DE NAVEGACAO, S.A.",4.200,04/04/2011
"RUSTICAS, S.A.","CARAN, B.V.",4.975,04/04/2011
"RUSTICAS, S.A.",DEUTSCHE BANK (SUISSE) SA,15.170,03/06/1997
"RUSTICAS, S.A.",DRAKE SERVICES LTD.,4.635,04/04/2011
"RUSTICAS, S.A.",GEVAG AG,4.537,04/04/2011
"RUSTICAS, S.A.","INVERSIONES MOBILIARIAS Y DESARROLLO, S.A.",9.896,16/10/2009
"RUSTICAS, S.A.",MANOREX LIMITED,4.975,04/04/2011
"RUSTICAS, S.A.","PAON, S.A.",4.975,04/04/2011
"RUSTICAS, S.A.","TENDRE, S.A.",4.975,04/04/2011
"RUSTICAS, S.A.","WIGRO, B.V.",4.975,04/04/2011
"CORPORACION FINANCIERA ALBA, S.A.",ACCION CONCERTADA,70.767,20/07/2011
"AMPER, S.A.","BANCA CIVICA, S.A.",5.100,03/08/2011
"AMPER, S.A.",CAJA DE AHORROS DE ASTURIAS,9.238,09/08/2011
"AMPER, S.A.","FERNANDEZ FERMOSELLE, MARCOS",5.165,15/02/2008
"AMPER, S.A.","LIQUIDAMBAR, INVERSIONES FINANCIERAS, S.L.",5.000,27/12/2010
"AMPER, S.A.","TELEFONICA, S.A.",6.100,16/02/2000
"COMPAÑIA DE INVERSIONES CINSA, S.A.","CREDIT SUISSE FIRST BOSTON INVESTMENT HOLDINGS, A.G.",6.490,30/01/1997
"COMPAÑIA DE INVERSIONES CINSA, S.A.","GARCIA CASADO, GABRIEL",6.489,25/01/2007
"COMPAÑIA DE INVERSIONES CINSA, S.A.","HAMBRECHT , WERNER WILHELM",5.561,27/12/2001
"COMPAÑIA DE INVERSIONES CINSA, S.A.","PEÑA SUAREZ, FERNANDO",24.261,01/12/2010
"COMPAÑIA DE INVERSIONES CINSA, S.A.","SALATIN, S.L.",24.261,25/11/2010
"COMPAÑIA DE INVERSIONES CINSA, S.A.","TORNES , GABRIELA",7.947,14/01/2004
"COMPAÑIA DE INVERSIONES CINSA, S.A.",VOLKSBANK RAIFFEISENBANK LANDAU EG.,19.500,29/09/1994
"GRUPO EZENTIS, S.A.","COTINO ESCRIBA, VICENTE",11.120,09/12/2010
"GRUPO EZENTIS, S.A.",NOMURA HOLDINGS INC,14.335,16/06/2011
"GRUPO EZENTIS, S.A.","TSS LUXEMBOURG I, S.A.R.L.",14.335,16/06/2011
"TECNICAS REUNIDAS, S.A.","ARAGONESAS PROMOCION DE OBRAS Y CONSTRUCCIONES, S.L.",5.096,11/09/2006
"TECNICAS REUNIDAS, S.A.","ARALTEC, S.L.",31.993,19/11/2009
"TECNICAS REUNIDAS, S.A.",CAUSEWAY CAPITAL MANAGEMENT LLC,3.008,17/03/2011
"SOTOGRANDE, S.A.","NH HOTELES, S.A.",97.721,29/12/2006
"CARTERA INDUSTRIAL REA, S.A.","EURO SYNS, S.A.",8.220,03/11/2011
"CARTERA INDUSTRIAL REA, S.A.","PEREZ-NIEVAS HEREDERO, JOSE ANTONIO",5.000,06/08/2010
"CARTERA INDUSTRIAL REA, S.A.","QUINTANA HORTAL, ANA ROSA",5.458,19/11/2009
"CARTERA INDUSTRIAL REA, S.A.","SORIA VAQUERIZO, ANGEL",11.765,08/11/2011
"BANKINTER, S.A.","BOTIN-SANZ DE SAUTUOLA Y GARCIA DE LOS RIOS, JAIME",23.871,30/12/2010
"BANKINTER, S.A.","CREDIT AGRICOLE, S.A.",20.106,05/03/2008
"DISTRIBUIDORA INTERNACIONAL DE ALIMENTACION, S.A.",ACCION CONCERTADA,9.428,11/07/2011
"DISTRIBUIDORA INTERNACIONAL DE ALIMENTACION, S.A.",AMUNDI,3.061,08/09/2011
"PRIM, S.A.",FID LOW PRICED STOCK FUND,5.950,07/12/2009
"PRIM, S.A.",FMR LLC,5.950,16/11/2009
"PRIM, S.A.","GONZALEZ DE LA FUENTE, Mª DOLORES",12.916,14/07/2009
"PRIM, S.A.","PRIM BARTOMEU, ELISA",9.929,18/02/2010
"PRIM, S.A.","RUIZ DE ALDA RODRI, FRANCISCO JAVIER",4.519,27/12/2007
"INMOLEVANTE, S.A.","CORPORACION MERCANTIL, S.A.",5.500,22/10/2001
"INMOLEVANTE, S.A.","FERNANDEZ-ORDAS ABARCA, Mª CARMEN",17.514,01/07/2004
"INMOLEVANTE, S.A.","FERNANDEZ-ORDAS ABARCA, Mª CRISTINA",16.116,16/06/2004
"INMOLEVANTE, S.A.","TORIMBIA, S.L.",29.287,09/01/2008
"TECNOCOM, TELECOMUNICACIONES Y ENERGIA, S.A.","AURANTIA 2003, S.L.",6.573,28/05/2010
"TECNOCOM, TELECOMUNICACIONES Y ENERGIA, S.A.","DOBLE A PROMOCIONES, S.A.",6.880,12/11/2007
"TECNOCOM, TELECOMUNICACIONES Y ENERGIA, S.A.",FONDO DE REESTRUCTURACION ORDENADA BANCARIA,20.052,14/11/2011
"TECNOCOM, TELECOMUNICACIONES Y ENERGIA, S.A.","INVERFAM 2005, S.A.",7.417,21/07/2008
"TECNOCOM, TELECOMUNICACIONES Y ENERGIA, S.A.",KONINKLIJKE KPN N.V.,11.011,06/11/2008
"TECNOCOM, TELECOMUNICACIONES Y ENERGIA, S.A.","NARANJO ANEGON, RAFAEL",6.573,25/05/2010
"TECNOCOM, TELECOMUNICACIONES Y ENERGIA, S.A.","SOLERA GUTIERREZ, LUIS",5.863,13/11/2009
"AHORRO FAMILIAR, S.A.",AXA ASSURANCE IARD MUTUELLE,23.627,13/03/2009
"AHORRO FAMILIAR, S.A.","AXA, S.A.",70.726,13/03/2009
S.A. RONSA,"MUGICA NOGUERA, PALOMA-PAZ",3.018,26/12/2007
"GRUPO EMPRESARIAL ENCE, S.A.","ALCOR HOLDING, S.A.",21.003,24/04/2007
"GRUPO EMPRESARIAL ENCE, S.A.",CAJA DE AHORROS DE ASTURIAS,5.094,28/03/2007
"GRUPO EMPRESARIAL ENCE, S.A.","CANTABRICA DE INVERSIONES DE CARTERA, S.L.",5.094,28/03/2007
"GRUPO EMPRESARIAL ENCE, S.A.","FIDALSER, S.L.",5.006,13/07/2006
"GRUPO EMPRESARIAL ENCE, S.A.","IMVERNELIN PATRIMONIO, S.L.",8.479,24/04/2007
"COMPAÑIA ESPAÑOLA DE VIVIENDAS EN ALQUILER, S.A.","BOIX GACIA, MARIA",10.921,16/01/2004
"COMPAÑIA ESPAÑOLA DE VIVIENDAS EN ALQUILER, S.A.","SOLANO MADARIAGA, JOSEP XAVIER",19.522,21/12/2005
"COMPAÑIA ESPAÑOLA DE VIVIENDAS EN ALQUILER, S.A.","VAQUE BOIX, EMPAR",16.065,29/09/2011
"COMPAÑIA ESPAÑOLA DE VIVIENDAS EN ALQUILER, S.A.","VAQUE BOIX, EULALIA",16.527,11/01/2008
"REYAL URBIS, S.A.","CAJA DE AHORROS Y MONTE DE PIEDAD DE ZARAGOZA, ARAGON Y RIOJA (IBERCAJA)",4.300,01/06/2010
"REYAL URBIS, S.A.","EBN BANCO DE NEGOCIOS, S.A.",4.764,28/05/2010
"REYAL URBIS, S.A.","MONTE DE PIEDAD Y CAJA DE AHORROS DE RONDA, CADIZ, ALMERIA, MALAGA, ANTEQUERA Y JAEN (UNICAJA)",4.300,08/07/2010
"INYPSA INFORMES Y PROYECTOS, S.A.","DE ARRIBA AZCONA, LADISLAO",19.665,03/03/2006
"INYPSA INFORMES Y PROYECTOS, S.A.","GARCIA ARIAS, JOSE LUIS",10.231,11/04/2011
"INYPSA INFORMES Y PROYECTOS, S.A.","PEREZ AGUADO, MARIA PAZ",24.940,20/10/2009
"INYPSA INFORMES Y PROYECTOS, S.A.","PROMOCIONES KEOPS, S.A.",23.988,12/11/2009
"INYPSA INFORMES Y PROYECTOS, S.A.","SOLERA GUTIERREZ, LUIS",5.534,04/04/2011
"ACERINOX, S.A.","CASA GRANDE DE CARTAGENA, S.L.",5.000,13/12/2006
"ACERINOX, S.A.","CORPORACION FINANCIERA ALBA, S.A.",23.766,27/02/2009
"ACERINOX, S.A.",FEYNMAN CAPITAL SL,11.111,28/12/2005
"ACERINOX, S.A.",INDUSTRIAL DEVELOPMENT CORPORATION (I.D.C.),3.041,22/06/2009
"ACERINOX, S.A.","KOPLOWITZ ROMERO DE JUSEU, ALICIA",13.275,28/12/2007
"ACERINOX, S.A.","LOLLAND, S.A.",5.000,13/12/2006
"ACERINOX, S.A.","MARATHON ASSET MANAGEMENT, LLP",3.000,26/05/2008
"ACERINOX, S.A.",METAL ONE CORPORATION,3.608,26/06/2008
"ACERINOX, S.A.",NISSHIN STEEL CORPORATION  LTD.,15.000,04/02/2009
"MONTEBALITO, S.A.","BARRERAS BARRERAS, JOSE ALBERTO",62.505,06/04/2009
"ENAGAS, S.A.",CAJA DE AHORROS DE ASTURIAS,5.000,23/12/2004
"ENAGAS, S.A.","CANTABRICA DE INVERSIONES DE CARTERA, S.L.",5.000,23/12/2004
"ENAGAS, S.A.",FIDELITY INTERNATIONAL LIMITED,1.973,24/03/2010
"ENAGAS, S.A.","HSBC HOLDINGS, PLC.",4.335,03/01/2011
"ENAGAS, S.A.",OMAN OIL CONMPANY S.A.O.C.,5.000,25/06/2009
"ENAGAS, S.A.",RETAIL OEICS AGGREGRATE,1.010,02/08/2010
"ENAGAS, S.A.",TALOS CAPITAL LIMITED,3.062,25/03/2010
"ENAGAS, S.A.",THE CHILDREN S INVESTMENT FUND MANAGEMENT (UK) LLP,3.062,05/04/2010
"PROMOTORA DE INFORMACIONES, S.A.",ASSET VALUE INVESTORS LIMITED,3.023,04/02/2011
"PROMOTORA DE INFORMACIONES, S.A.",BANK OF AMERICA CORPORATION,3.037,21/12/2010
"PROMOTORA DE INFORMACIONES, S.A.",BERGGRUEN ACQUISITION HOLDINGS LTD,3.766,07/12/2010
"PROMOTORA DE INFORMACIONES, S.A.","BNP PARIBAS, SOCIETE ANONYME",3.109,21/11/2011
"PROMOTORA DE INFORMACIONES, S.A.",DAIWA SECURITIES GROUP INC,6.294,01/09/2011
"PROMOTORA DE INFORMACIONES, S.A.","INMOBILIARIA CARSO, S.A. DE C.V.",3.234,15/11/2011
"PROMOTORA DE INFORMACIONES, S.A.","RUCANDIO, S.A.",34.561,05/10/2011
"SERVICE POINT SOLUTIONS, S.A.",ACCION CONCERTADA,3.963,17/05/2011
"SERVICE POINT SOLUTIONS, S.A.","CASTELLANOS BORREGO, JAIME",6.442,21/06/2011
"SERVICE POINT SOLUTIONS, S.A.","INMOUNO, S.L.U.",5.993,15/06/2007
"SERVICE POINT SOLUTIONS, S.A.",JIMMIE HOLMBERG AB,4.386,31/10/2011
"DESARROLLO MOBILIARIO, S.A.","BERAZA LOPEZ JACOISTE, MARIA EUGENIA",6.636,17/05/2005
"DESARROLLO MOBILIARIO, S.A.","CASTELLANOS BORREGO, ANA MARIA",10.400,18/08/1997
"DESARROLLO MOBILIARIO, S.A.","CASTELLANOS BORREGO, JAIME",13.400,10/07/1997
"DESARROLLO MOBILIARIO, S.A.","CASTELLANOS BORREGO, LUIS",13.274,16/01/2002
"DESARROLLO MOBILIARIO, S.A.","CASTELLANOS BORREGO, TERESA",10.400,18/08/1997
"DESARROLLO MOBILIARIO, S.A.","INVERSORA CAINSA, S.A.",19.028,06/07/2007
"UNIPAPEL, S.A.","BANCA CIVICA, S.A.",5.065,30/06/2011
"UNIPAPEL, S.A.","MORENO DE TEJADA OLIVA, ANGEL",6.503,03/12/2007
"UNIPAPEL, S.A.","MORENO DE TEJADA OLIVA, JOSE MARIA",3.240,15/01/2008
"UNIPAPEL, S.A.","MORENO OLIVA, MARIA ELISA",3.965,15/01/2008
"UNIPAPEL, S.A.",QMC DEVELOPMENT CAPITAL FUND PLC,9.996,18/05/2007
"UNIPAPEL, S.A.","URALDE VAZQUEZ, MARIA NIEVES",6.160,30/11/2007
"PROSEGUR, COMPAÑIA DE SEGURIDAD, S.A.",CANTILLON CAPITAL MANAGEMENT LLC,3.050,12/04/2011
"PROSEGUR, COMPAÑIA DE SEGURIDAD, S.A.","CORPORACION FINANCIERA ALBA, S.A.",10.006,25/09/2007
"PROSEGUR, COMPAÑIA DE SEGURIDAD, S.A.",FIDELITY INTERNATIONAL DISCOVERY FUND,3.587,25/11/2010
"PROSEGUR, COMPAÑIA DE SEGURIDAD, S.A.",FMR LLC,5.061,29/04/2010
"INDRA SISTEMAS, S.A.","BANCO FINANCIERO Y DE AHORROS, S.A.",20.121,06/06/2011
"INDRA SISTEMAS, S.A.",CAJA DE AHORROS DE ASTURIAS,5.000,28/03/2007
"INDRA SISTEMAS, S.A.","CANTABRICA DE INVERSIONES DE CARTERA, S.L.",5.000,28/03/2007
"INDRA SISTEMAS, S.A.","CORPORACION FINANCIERA ALBA, S.A.",10.000,03/07/2009
"INDRA SISTEMAS, S.A.",FID LOW PRICED STOCK FUND,5.675,18/07/2011
"INDRA SISTEMAS, S.A.",FMR LLC,9.962,11/08/2011
"INDRA SISTEMAS, S.A.","LOLLAND, S.A.",5.000,23/11/2006
"LIWE ESPAÑOLA, S.A.","GOMEZ RUBIO, NATALIA",5.270,27/12/2000
"LIWE ESPAÑOLA, S.A.","MARTINEZ CREVILLEN, ENCARNACION",10.012,22/01/2004
"VISCOFAN, S.A.",BLACKROCK INC.,3.140,15/02/2010
"VISCOFAN, S.A.","CAREAGA SALAZAR, MARIA DEL CARMEN",5.002,26/12/2007
"VISCOFAN, S.A.",GOVERNANCE FOR OWNERS LLP,3.054,17/10/2011
"VISCOFAN, S.A.","MARATHON ASSET MANAGEMENT, LLP",5.019,02/11/2009
"VISCOFAN, S.A.","ONCHENA, S.L.",5.002,26/12/2007
"VISCOFAN, S.A.","WILLIAM BLAIR & COMPANY, LLC",3.648,06/06/2011
"AZKOYEN, S.A.","BANKINTER GESTION DE ACTIVOS, S.A., S.G.I.I.C.",4.512,18/03/2008
"AZKOYEN, S.A.","BERKELIUM, S.L.",5.001,12/12/2008
"AZKOYEN, S.A.","BESTINVER GESTION, S.A., S.G.I.I.C.",7.730,31/08/2010
"AZKOYEN, S.A.","EUROFINSA, S.A.",5.004,11/11/2009
"AZKOYEN, S.A.",FIDELITY INTERNATIONAL LIMITED,5.170,24/04/2000
"AZKOYEN, S.A.","INDUMENTA PUERI, S.L.",4.071,17/01/2008
"AZKOYEN, S.A.","INVERSIONES IBERSUIZAS, S.A.",5.318,09/12/2008
"AZKOYEN, S.A.","LA PREVISION MALLORQUINA DE SEGUROS, S.A.",5.246,11/02/2011
"AZKOYEN, S.A.",NORGES BANK,3.366,13/05/2011
"AZKOYEN, S.A.",QMC DEVELOPMENT CAPITAL FUND PLC,11.066,23/08/2005
"AZKOYEN, S.A.","SUAREZ ZULOAGA, RAMON",8.602,19/06/2007
"AZKOYEN, S.A.","TROYAS CAREAGA, MARIA CARMEN",3.709,26/02/2008
"BARON DE LEY, S.A.","BNP PARIBAS, SOCIETE ANONYME",3.340,22/05/2009
"BARON DE LEY, S.A.",FID LOW PRICED STOCK FUND,3.762,15/12/2009
"BARON DE LEY, S.A.",FMR LLC,4.180,14/04/2011
"BARON DE LEY, S.A.","FUNDAÇAO JOSE BERARDO, IPSS",3.225,25/04/2008
"BARON DE LEY, S.A.","LIBERTAS 7, S.A.",5.038,31/08/2010
"BARON DE LEY, S.A.",M & G INVESTMENT MANAGEMENT LTD.,15.535,13/02/2009
"BARON DE LEY, S.A.",M&G GLOBAL BASICS FUND,15.715,21/10/2011
"ADOLFO DOMINGUEZ, S.A.","ANTONIO PUIG, S.A. SOCIEDAD UNIPERSONAL",15.010,24/07/2009
"ADOLFO DOMINGUEZ, S.A.",FMR LLC,3.002,11/09/2009
"ADOLFO DOMINGUEZ, S.A.",FONDO DE REESTRUCTURACION ORDENADA BANCARIA,5.050,14/11/2011
"ADOLFO DOMINGUEZ, S.A.","LA PREVISION MALLORQUINA DE SEGUROS, S.A.",7.664,15/06/2009
"ADOLFO DOMINGUEZ, S.A.","LIBERTAS 7, S.A.",10.433,10/08/2007
"ADOLFO DOMINGUEZ, S.A.","PUIG, S.L.",15.010,24/07/2009
"ADOLFO DOMINGUEZ, S.A.",STATE OF NEW JERSEY COMMON PENSION FUND D,3.010,04/08/2009
"PAPELES Y CARTONES DE EUROPA, S.A.","EBN BANCO DE NEGOCIOS, S.A.",6.104,10/09/2007
"PAPELES Y CARTONES DE EUROPA, S.A.","FERNANDEZ GONZALEZ, ANGEL",6.442,01/03/2007
"PAPELES Y CARTONES DE EUROPA, S.A.","HARPALUS, S.L.",40.028,13/07/2009
"ZELTIA, S.A.","ANDRADE DETRELL, MONTSERRAT",6.100,27/12/2007
"ZELTIA, S.A.",CAJA DE AHORROS Y MONTE DE PIEDAD DE GIPUZKOA Y SAN SEBASTIAN,3.002,30/04/2009
"ZELTIA, S.A.","MERA GOYENECHEA, ROSALIA",5.000,10/12/2002
"GRUPO EMPRESARIAL SAN JOSE, S.A.","AVALOS PEREZ, JULIA",12.627,07/08/2009
"GRUPO EMPRESARIAL SAN JOSE, S.A.",CAJA DE AHORROS DE ASTURIAS,5.545,09/08/2011
"GRUPO EMPRESARIAL SAN JOSE, S.A.","SANCHEZ AVALOS, MARIA JOSE",5.869,07/08/2009
"PESCANOVA, S.A.","ALQUEIRE - COMERCIO INTERNACIONAL, LDA.",5.050,28/06/1994
"PESCANOVA, S.A.","BARRERAS BARRERAS, JOSE ALBERTO",3.847,06/11/2009
"PESCANOVA, S.A.",FBA-THE ICELANDIC INVESTMENT BANK,5.000,19/05/2000
"PESCANOVA, S.A.",GOVERNANCE FOR OWNERS LLP,5.074,09/08/2011
"PESCANOVA, S.A.","NOVA ARDARA EQUITIES, S.A.",5.025,25/05/2000
"PESCANOVA, S.A.","PEREZ-NIEVAS HEREDERO, JOSE ANTONIO",5.010,08/07/2011
"PESCANOVA, S.A.",SOCIEDAD ANONIMA DAMM,5.000,01/07/2011
"PESCANOVA, S.A.",SOCIEDAD ANONIMA DE DESARROLLO Y CONTROL,14.823,18/11/2009
"BANCO SANTANDER, S.A.",BLACKROCK INC.,4.775,04/02/2010
"INMOBILIARIA DEL SUR, S.A.","EXPLOTACIONES EL CERRO, S.A.",8.900,04/05/1995
"INMOBILIARIA DEL SUR, S.A.","PUMAR MARIÑO, CARMEN",3.544,26/06/2009
"INMOBILIARIA DEL SUR, S.A.","PUMAR MARIÑO, JOSE MANUEL",19.963,02/07/2010
"ABENGOA, S.A.","BNP PARIBAS, SOCIETE ANONYME",3.035,14/04/2011
"ABENGOA, S.A.","FINARPISA, S.A.",5.004,09/12/2002
"ABENGOA, S.A.","INVERSION CORPORATIVA, I.C., S.A.",55.004,10/12/2002
"ECCOWOOD INVEST, S.A.","CUBI DEL AMO, MARGARITA",8.321,30/07/2009
"ECCOWOOD INVEST, S.A.",CULTIVOS AGROFORESTALES ECCOWOOD S.A.,5.090,01/07/2009
"ECCOWOOD INVEST, S.A.","GODIA BULL, CARMEN",14.561,06/07/2009
"ECCOWOOD INVEST, S.A.","LADAN 2002, S.L.L",7.281,09/07/2009
"ECCOWOOD INVEST, S.A.","RINACA, S.L.",7.281,26/02/2010
"AGUAS DE VALENCIA, S.A.",GDF SUEZ,33.019,22/10/2007
"AGUAS DE VALENCIA, S.A.","INVERSIONES FINANCIERAS AGVAL, S.L.",60.679,24/10/2007
"AGUAS DE VALENCIA, S.A.","SUEZ ENVIRONNEMENT, S.A.S",33.019,22/10/2007
"BANCO DE VALENCIA, S.A.","BANCO FINANCIERO Y DE AHORROS, S.A.",39.122,25/05/2011
"BANCO DE VALENCIA, S.A.","INTERCARTERA, S.A.",5.000,30/07/2007
"BANCO DE VALENCIA, S.A.","LIBERTAS 7, S.A.",5.167,25/11/2011
"BANCO DE VALENCIA, S.A.","SORMAN, S.A.",3.217,02/07/2008
"BANCO DE VALENCIA, S.A.","UNION DE VALORES, S.A.",6.190,30/07/2007
"COMPAÑIA LEVANTINA DE EDIFICACION Y OBRAS PUBLICAS, S.A.",CAIXA D´ESTALVIS DEL PENEDES,3.709,17/01/2008
"COMPAÑIA LEVANTINA DE EDIFICACION Y OBRAS PUBLICAS, S.A.","CONSTRUCCIONES Y ESTUDIOS, S.A.",5.008,29/10/2009
"COMPAÑIA LEVANTINA DE EDIFICACION Y OBRAS PUBLICAS, S.A.","PARTICIPACIONES INDUSTRIALES Y DE SERVICIOS, S.A.",33.014,09/08/2007
"COMPAÑIA LEVANTINA DE EDIFICACION Y OBRAS PUBLICAS, S.A.","SALAZAR BELLO, ROBERTO ALFONSO",14.619,13/06/2008
"LIBERTAS 7, S.A.","4 GATS, S.L.",6.690,19/11/2007
"LIBERTAS 7, S.A.","DIBU, S.A.",5.784,28/11/2000
"LIBERTAS 7, S.A.","FINANZAS E INVERSIONES VALENCIANAS, S.A.",26.781,15/02/2002
"LIBERTAS 7, S.A.","FUNDACIO DE LA COMUNITAT VALENCIANA, LIBERTAS 7",7.840,06/08/2007
"LIBERTAS 7, S.A.",FUNDACIO GUERRER DE MOIXENT,7.885,28/11/2000
"LIBERTAS 7, S.A.",FUNDACION LIBER,7.835,06/08/2007
"LIBERTAS 7, S.A.","NOGUERA BOREL, ALEJANDRO",6.980,19/02/2008
"LIBERTAS 7, S.A.","NOGUERA BOREL, PABLO",6.983,19/11/2007
"NATRA, S.A.","ADSERA GEBELLI, JAVIER",5.234,02/11/2009
"NATRA, S.A.","BANCO CAM, S.A.",5.339,09/08/2011
"NATRA, S.A.",CAJA DE AHORROS Y MONTE DE PIEDAD DE GIPUZKOA Y SAN SEBASTIAN,8.983,19/05/2009
"NATRA, S.A.","DEL CASTILLO BRAVO DE LAGUNA, PEDRO FERNANDO",3.373,14/06/2011
"NATRA, S.A.","MORENO TARAZONA, MANUEL",10.120,19/10/2009
"NATRA, S.A.","PEREZ-NIEVAS HEREDERO, JOSE ANTONIO",5.015,20/06/2011
"FINANZAS E INVERSIONES VALENCIANAS, S.A.","DESPERTA - FERRO, S.L.",14.960,21/09/1998
"FINANZAS E INVERSIONES VALENCIANAS, S.A.","DIBU, S.A.",4.818,23/12/2010
"FINANZAS E INVERSIONES VALENCIANAS, S.A.","EL PORTAL DE VALLDIGNA, S.A.",5.103,14/01/2004
"FINANZAS E INVERSIONES VALENCIANAS, S.A.","FUNDACIO DE LA COMUNITAT VALENCIANA, LIBERTAS 7",15.303,01/03/2011
"FINANZAS E INVERSIONES VALENCIANAS, S.A.","LIBERTAS 7, S.A.",4.562,18/01/2008
"FINANZAS E INVERSIONES VALENCIANAS, S.A.","NOGUERA BOREL, AGNES",12.878,04/02/2002
"FINANZAS E INVERSIONES VALENCIANAS, S.A.","NOGUERA BOREL, ALEJANDRO",14.960,21/09/1998
"FINANZAS E INVERSIONES VALENCIANAS, S.A.","NOGUERA BOREL, PABLO",14.960,21/09/1998
"FINANZAS E INVERSIONES VALENCIANAS, S.A.","SAMBORI, S.L.",14.960,21/09/1998
"FINANZAS E INVERSIONES VALENCIANAS, S.A.","ZARAGUELL, S.L.",14.960,21/09/1998
"LINGOTES ESPECIALES, S.A.","FAPINDUS, S.L.",3.000,30/06/2008
"EBRO FOODS, S.A.","CASA GRANDE DE CARTAGENA, S.L.",6.158,23/04/2007
"EBRO FOODS, S.A.","CORPORACION FINANCIERA ALBA, S.A.",8.123,12/07/2011
"EBRO FOODS, S.A.","LOLLAND, S.A.",6.158,23/04/2007
"EBRO FOODS, S.A.",SOCIEDAD ANONIMA DAMM,9.651,09/08/2011
"EBRO FOODS, S.A.",SOCIEDAD ESTATAL DE PARTICIPACIONES INDUSTRIALES,10.218,27/09/2011
"VOCENTO, S.A.",ACCION CONCERTADA,5.016,24/03/2009
"VOCENTO, S.A.","CAREAGA SALAZAR, MARIA DEL CARMEN",5.471,18/11/2009
"VOCENTO, S.A.",CASGO S.A.,4.427,17/01/2008
"VOCENTO, S.A.","VALJARAFE, S.L.",10.090,13/04/2010
"BODEGAS BILBAINAS, S.A.","BILBAO BIZKAIA KUTXA, AURREZKI KUTXA ETA BAHITETXEA",5.924,27/11/2008
"BODEGAS BILBAINAS, S.A.","DUCDE, S.A.",87.750,08/03/2001
"BODEGAS BILBAINAS, S.A.","UNIDECO, S.A.",87.750,05/04/2001
"COMPAÑIA VINICOLA DEL NORTE DE ESPAÑA, S.A.","ABELLO GALLO, JUAN",15.140,30/07/2001
"COMPAÑIA VINICOLA DEL NORTE DE ESPAÑA, S.A.","COMENGE SANCHEZ-REAL, JOSE IGNACIO",5.614,16/11/2007
"COMPAÑIA VINICOLA DEL NORTE DE ESPAÑA, S.A.","DESARROLLO MOBILIARIO, S.A.",5.264,08/11/2011
"COMPAÑIA VINICOLA DEL NORTE DE ESPAÑA, S.A.","MENDIBEA 2002, S.L",6.240,10/05/2011
"COMPAÑIA VINICOLA DEL NORTE DE ESPAÑA, S.A.","VALLEJO CHALBAUD, SOFIA",6.710,20/07/2001
"MINERALES Y PRODUCTOS DERIVADOS, S.A.","GARDOQUI E HIJOS, S.L.U.",6.000,25/06/2010
"MINERALES Y PRODUCTOS DERIVADOS, S.A.","LIPPERINVEST 2003, S.L.",12.756,11/10/2010
"MINERALES Y PRODUCTOS DERIVADOS, S.A.",LOMBARD INTERNATIONAL ASSURANCE S.A.,15.699,13/07/2011
"OBRASCON HUARTE LAIN, S.A.","BNP PARIBAS, SOCIETE ANONYME",3.184,04/08/2011
"OBRASCON HUARTE LAIN, S.A.","DEUTSCHE BANK, A.G.",5.270,24/01/2011
"OBRASCON HUARTE LAIN, S.A.","INMOBILIARIA ESPACIO, S.A.",60.030,10/08/2011
"IBERDROLA, S.A.","ACS, ACTIVIDADES DE CONSTRUCCION Y SERVICIOS, S.A.",19.027,16/06/2011
"IBERDROLA, S.A.","BANCAJA INVERSIONES, S.A.",5.408,25/05/2011
"IBERDROLA, S.A.","BANCO FINANCIERO Y DE AHORROS, S.A.",5.408,25/05/2011
"IBERDROLA, S.A.","BILBAO BIZKAIA KUTXA, AURREZKI KUTXA ETA BAHITETXEA",7.184,27/11/2008
"IBERDROLA, S.A.","NATIXIS, S.A.",5.030,03/10/2011
"IBERDROLA, S.A.",QATAR INVESTMENT AUTHORITY,6.162,16/03/2011
"IBERDROLA, S.A.","RESIDENCIAL MONTECARMELO, S.A.",7.774,05/06/2007
"TUBOS REUNIDOS, S.A.",ACCION CONCERTADA,10.223,20/05/2008
"TUBOS REUNIDOS, S.A.","BANCO BILBAO VIZCAYA ARGENTARIA, S.A.",23.403,28/02/2008
"TUBOS REUNIDOS, S.A.","BARANDIARAN ALDAY, GUILLERMO",6.359,28/02/2008
"TUBOS REUNIDOS, S.A.","DE MIGUEL NART, CARMEN",3.816,28/02/2008
"TUBOS REUNIDOS, S.A.","YBARRA CHURRUCA, EMILIO",3.331,15/12/2008
"TUBOS REUNIDOS, S.A.","YBARRA CHURRUCA, SANTIAGO",3.331,15/12/2008
"DEOLEO, S.A.","BANCA CIVICA, S.A.",5.451,30/06/2011
"DEOLEO, S.A.","BANCO FINANCIERO Y DE AHORROS, S.A.",18.623,25/05/2011
"DEOLEO, S.A.","BANCO MARE NOSTRUM, S.A.",5.474,07/10/2011
"DEOLEO, S.A.","BILBAO BIZKAIA KUTXA, AURREZKI KUTXA ETA BAHITETXEA",5.760,10/01/2011
"DEOLEO, S.A.","EBRO FOODS, S.A.",9.333,05/01/2011
"DEOLEO, S.A.",MAO HOLDINGS (CAYMAN) LIMITED,1.891,12/01/2011
"DEOLEO, S.A.","SALAZAR BELLO, JESUS IGNACIO",16.034,10/06/2009
"DEOLEO, S.A.","SALAZAR BELLO, RAUL JAIME",9.659,29/05/2009
"DEOLEO, S.A.","TEINVER, S.A.",3.581,03/02/2009
"ELECNOR, S.A.","CANTILES XXI, S.L.",52.759,22/07/2009
"ELECNOR, S.A.",FONDO DE REESTRUCTURACION ORDENADA BANCARIA,5.049,14/11/2011
"BANCO BILBAO VIZCAYA ARGENTARIA, S.A.",BLACKROCK INC.,4.453,04/02/2010
"BANCO BILBAO VIZCAYA ARGENTARIA, S.A.","JOVE CAPELLAN, MANUEL",5.067,23/12/2010
"DESARROLLOS ESPECIALES DE SISTEMAS DE ANCLAJES, S.A.","GESTION IXUA, S.L.",19.000,02/07/2010
"DESARROLLOS ESPECIALES DE SISTEMAS DE ANCLAJES, S.A.","LAIMPA, S.L.",4.584,02/07/2010
"DESARROLLOS ESPECIALES DE SISTEMAS DE ANCLAJES, S.A.","MADEN, S.A.",19.942,02/07/2010
"DESARROLLOS ESPECIALES DE SISTEMAS DE ANCLAJES, S.A.","MOLLET BIOSCA, PERE",9.091,02/07/2010
"DESARROLLOS ESPECIALES DE SISTEMAS DE ANCLAJES, S.A.","MOST, S.L.",9.068,02/07/2010
"DESARROLLOS ESPECIALES DE SISTEMAS DE ANCLAJES, S.A.","SARM, S.A.",19.915,02/07/2010
"GRIFOLS, S.A.",AMERICAN FUNDS INSURANCE SERIES GROWTH FUND (VIG),3.004,21/04/2010
"GRIFOLS, S.A.",CAPITAL RESEARCH AND MANAGEMENT COMPANY,15.017,04/07/2011
"GRIFOLS, S.A.","DERIA, S.A.",8.771,24/05/2006
"GRIFOLS, S.A.","GRIFOLS LUCAS, VICTOR",6.154,04/12/2009
"GRIFOLS, S.A.","SCRANTON ENTERPRISES, B.V.",7.580,18/06/2010
"AGROFRUSE-MEDITERRANEAN AGRICULTURAL GROUP, S.A.","BORGES HOLDING, S.L.",73.773,09/03/2006
"AGROFRUSE-MEDITERRANEAN AGRICULTURAL GROUP, S.A.","CORPORACION EMPRESARIAL BARCELONESA, S.A.",5.000,19/02/1990
"AGROFRUSE-MEDITERRANEAN AGRICULTURAL GROUP, S.A.","CREDIT AGRICOLE, S.A.",4.070,11/01/2008
"AGROFRUSE-MEDITERRANEAN AGRICULTURAL GROUP, S.A.","FRUSESA-FRUTOS SECOS ESPAÑOLES, S.L.",73.773,19/01/2006
"INMOFIBAN, S.A.","GONZALEZ MORCILLO, SERAFIN",7.445,14/10/2008
"INMOFIBAN, S.A.","MARTINEZ GARCIA, DAVID",8.262,28/05/2009
"INMOFIBAN, S.A.","MARTINEZ GARCIA, LUIS ANGEL",6.356,28/05/2009
"ALMIRALL, S.A.",ACCION CONCERTADA,70.748,08/01/2009
"ALMIRALL, S.A.","WELLINGTON MANAGEMENT COMPANY, LLP",3.024,17/02/2011
"AMCI HABITAT, S.A.","CLAVEL HOTELES, S.A.",5.008,19/06/2009
"AMCI HABITAT, S.A.","FUTURINVEST GESTION, S.L.",5.634,31/03/2009
"AMCI HABITAT, S.A.","MASIP SOLER, CARLOS",5.634,31/03/2009
"AMCI HABITAT, S.A.","ROMERO PIÑERO, JORDI",5.724,06/10/2008
"AMCI HABITAT, S.A.","XIELA TRADING, S.L.",4.383,02/04/2009
"FERGO AISA, S.A.","ALPRIMER 21, S.L.",4.851,21/03/2011
"FERGO AISA, S.A.","CAMINO MARTINEZ, MANUEL",16.566,24/03/2011
"FERGO AISA, S.A.","CARRIS SUCATINGA EMPREENDIMIENTOS INMOBILIARIOS, LTDA",11.896,28/03/2011
"FERGO AISA, S.A.",GEM CAPITAL SAS,"",""
"FERGO AISA, S.A.","GORDONCILLO 08, S.L.",3.284,22/03/2011
"FERGO AISA, S.A.","VERONICA MELE, S.L.",3.539,24/03/2011
"PLARREGA INVEST 2000, S.A.","VANCOUVER GESTIÓN, S.L.",100.000,13/08/2008
"FERSA ENERGIAS RENOVABLES, S.A.","BANCO DE SABADELL, S.A.",3.797,26/02/2008
"FERSA ENERGIAS RENOVABLES, S.A.","BANCO MARE NOSTRUM, S.A.",7.983,07/10/2011
"FERSA ENERGIAS RENOVABLES, S.A.","BCN GODIA, S.L.",4.546,20/02/2009
"FERSA ENERGIAS RENOVABLES, S.A.","CO SOCIEDAD DE GESTION Y PARTICIPACION, S.A.",7.509,24/04/2008
"FERSA ENERGIAS RENOVABLES, S.A.","COMSA EMTE, S.L.",7.682,14/06/2010
"FERSA ENERGIAS RENOVABLES, S.A.","COMSA MEDIOAMBIENTE, S.L.",5.000,23/04/2008
"FERSA ENERGIAS RENOVABLES, S.A.","DONADEU CASTANY, Mª DOLORES",4.043,24/02/2011
"FERSA ENERGIAS RENOVABLES, S.A.","GODIA GUARDIOLA, LILIANA",4.546,20/02/2009
"FERSA ENERGIAS RENOVABLES, S.A.","GRUPO EMPRESARIAL ENHOL, S.L.",22.438,10/08/2011
"FERSA ENERGIAS RENOVABLES, S.A.","LIBANO DAURELLA, ALFONSO",2.697,15/09/2009
"FERSA ENERGIAS RENOVABLES, S.A.","TAMISA, S.L.",5.000,23/04/2008
"RENTA CORPORACION REAL ESTATE, S.A.","AURODOC 75, S.L.",6.282,27/06/2006
"RENTA CORPORACION REAL ESTATE, S.A.","DINOMEN, S.L.",10.828,11/04/2006
"RENTA CORPORACION REAL ESTATE, S.A.","DURANGO DIFFERENT, S.L.",6.005,13/04/2007
"RENTA CORPORACION REAL ESTATE, S.A.","FINANTING 2001, S.L.",5.925,11/04/2006
"RENTA CORPORACION REAL ESTATE, S.A.",FUNDACION PRIVADA RENTA CORPORACION,4.597,11/01/2010
"RENTA CORPORACION REAL ESTATE, S.A.","SDEEGTUTERS, S.L.",5.781,11/04/2006
"RENTA CORPORACION REAL ESTATE, S.A.","TOGA 20, S.L.",5.595,11/04/2006
"VUELING AIRLINES, S.A.","BNP PARIBAS, SOCIETE ANONYME",3.236,23/08/2011
"VUELING AIRLINES, S.A.","INTERNATIONAL CONSOLIDATED AIRLINES GROUP, S.A.",45.850,27/01/2011
"EDP RENOVAVEIS, S.A.","EDP - ELECTRICIDADE DE PORTUGAL, S.A.",77.528,11/06/2008
"RED ELECTRICA CORPORACION, S.A.",FIDELITY INTERNATIONAL LIMITED,1.004,20/04/2009
"RED ELECTRICA CORPORACION, S.A.",FIRST EAGLE INVESTMENT MANGEMENT LLC,3.055,28/06/2011
"RED ELECTRICA CORPORACION, S.A.","HSBC HOLDINGS, PLC.",3.239,11/06/2010
"RED ELECTRICA CORPORACION, S.A.",MFS INVESTMENT MANAGEMENT,3.046,04/11/2011
"RED ELECTRICA CORPORACION, S.A.",SOCIEDAD ESTATAL DE PARTICIPACIONES INDUSTRIALES,20.000,30/09/2005
"RED ELECTRICA CORPORACION, S.A.",TALOS CAPITAL LIMITED,3.087,06/05/2010
"RED ELECTRICA CORPORACION, S.A.",THE CHILDREN S INVESTMENT FUND MANAGEMENT (UK) LLP,3.087,06/05/2010
MELIA HOTELS INTERNATIONAL S.A.,"BANCO CAM, S.A.",6.007,09/08/2011
"REPSOL YPF, S.A.",ACCION CONCERTADA,29.502,06/09/2011
"REPSOL YPF, S.A.",BLACKROCK INC.,3.070,17/03/2011
"REPSOL YPF, S.A.","CAIXABANK, S.A.",12.972,24/01/2011
"REPSOL YPF, S.A.",CAJA DE AHORROS Y PENSIONES DE BARCELONA,12.979,24/01/2011
"REPSOL YPF, S.A.",PETROLEOS MEXICANOS,9.492,19/09/2011
"REPSOL YPF, S.A.","SACYR VALLEHERMOSO PARTICIPACIONES MOBILIARIAS, S.L.",20.010,29/12/2006
"REPSOL YPF, S.A.","SACYR VALLEHERMOSO, S.A.",20.010,29/12/2006
"ANTENA 3 DE TELEVISION, S.A.","BERTELSMANN, A.G.",20.494,11/09/2009
"ANTENA 3 DE TELEVISION, S.A.",FIDELITY INTERNATIONAL LIMITED,1.878,05/08/2011
"ANTENA 3 DE TELEVISION, S.A.","GRUPO PLANETA DE AGOSTINI, S.L.",44.584,14/02/2008
"ANTENA 3 DE TELEVISION, S.A.","PLANETA CORPORACION, S.R.L.",44.584,14/02/2008
"MEDIASET ESPAÑA COMUNICACION, S.A.","BERLUSCONI , SILVIO",41.552,29/12/2010
"MEDIASET ESPAÑA COMUNICACION, S.A.","PROMOTORA DE INFORMACIONES, S.A.",17.336,03/01/2011
"MEDIASET ESPAÑA COMUNICACION, S.A.",TWEEDY BROWNE COMPANY LLC,4.408,07/01/2011
"MARTINSA-FADESA, S.A.","AHORRO CORPORACION FINANCIERA, S.A. SOCIEDAD DE VALORES",5.885,05/11/2008
"MARTINSA-FADESA, S.A.","BANCO FINANCIERO Y DE AHORROS, S.A.",8.045,02/11/2011
"MARTINSA-FADESA, S.A.","MARTIN CRIADO, ANTONIO",15.112,01/09/2008
"MARTINSA-FADESA, S.A.","ORTEGA RENEDO, MARIA DOLORES",7.096,09/06/2009
"MARTINSA-FADESA, S.A.","SALAZAR BELLO, JESUS IGNACIO",3.120,02/09/2008
"CLINICA BAVIERA, S.A.","CORPORACION FINANCIERA ALBA, S.A.",20.002,05/04/2010
"CLINICA BAVIERA, S.A.","INVERSIONES TELESAN, B.V.",5.504,19/11/2007
"CLINICA BAVIERA, S.A.","LLOVET OSUNA, FERNANDO",9.290,13/04/2007
"CLINICA BAVIERA, S.A.","SOUTH AMERICAN FARMING, B.V.",5.000,11/04/2007
"BEFESA MEDIO AMBIENTE, S.A.","ABENGOA, S.A.",97.380,24/05/2011
"BEFESA MEDIO AMBIENTE, S.A.","INVERSION CORPORATIVA, I.C., S.A.",97.380,24/05/2011
"BEFESA MEDIO AMBIENTE, S.A.","PROYECTOS DE INVERSIONES MEDIOAMBIENTALES, S.L.",97.380,24/05/2011
"REALIA BUSINESS, S.A.","BANCO FINANCIERO Y DE AHORROS, S.A.",27.651,25/05/2011
"REALIA BUSINESS, S.A.","CANALES BURGUILLO, LUIS",5.020,16/01/2008
"REALIA BUSINESS, S.A.","FOMENTO DE CONSTRUCCIONES Y CONTRATAS, S.A.",30.023,02/10/2009
"REALIA BUSINESS, S.A.","GRUPO PRA, S.A.",5.004,03/10/2007
"REALIA BUSINESS, S.A.","INMOBILIARIA LUALCA, S.L.",5.020,04/01/2008
"REALIA BUSINESS, S.A.","INTERPROVINCIAL, S.L.",5.007,21/02/2008
"REALIA BUSINESS, S.A.","KOPLOWITZ ROMERO JOSEU, ESTHER",30.023,02/10/2009
"DINAMIA CAPITAL PRIVADO, S.A., SCR","ALLOCATION, SICAV, S.A.",4.990,21/09/2009
"DINAMIA CAPITAL PRIVADO, S.A., SCR","BANCA CIVICA, S.A.",7.519,30/06/2011
"DINAMIA CAPITAL PRIVADO, S.A., SCR","DE CARVAJAL Y PEREZ, EMILIO",5.013,25/05/2007
"DINAMIA CAPITAL PRIVADO, S.A., SCR",ELECTRA PARTNERS LLP,10.442,12/06/2008
"DINAMIA CAPITAL PRIVADO, S.A., SCR",ELECTRA PRIVATE EQUITY PARTNERS 1995,10.442,21/09/2004
"DINAMIA CAPITAL PRIVADO, S.A., SCR","ENTUR-99, S.L.",5.003,08/11/1999
"DINAMIA CAPITAL PRIVADO, S.A., SCR","PACTIO GESTION, SGIIC, S.A.",4.386,15/11/2010
"DINAMIA CAPITAL PRIVADO, S.A., SCR","PORTABELLA PERALTA, RICARDO",21.823,10/05/2011
"DINAMIA CAPITAL PRIVADO, S.A., SCR","SODECAR, S.A.",5.013,23/05/2007
"FERROVIAL, S.A.",ACCION CONCERTADA,45.576,01/07/2011
"FERROVIAL, S.A.","BANCO SANTANDER, S.A.",4.065,14/11/2011
"FERROVIAL, S.A.","SOUTHEASTERN ASSET MANAGEMENT, INC",5.012,24/08/2011
"CODERE, S.A.","FARALLON CAPITAL OFFSHORE INVESTORS II, L.P.",2.076,10/01/2011
"CODERE, S.A.",MASAMPE HOLDING BV,51.346,22/09/2009
"CODERE, S.A.",NOONDAY ASSET MANAGEMENT LLP,5.326,10/01/2011
"BOLSAS Y MERCADOS ESPAÑOLES, SDAD HOLDING DE MDOS Y STMAS FIN., S.A.","BANCO BILBAO VIZCAYA ARGENTARIA, S.A.",6.619,21/07/2006
"BOLSAS Y MERCADOS ESPAÑOLES, SDAD HOLDING DE MDOS Y STMAS FIN., S.A.",BANCO DE ESPAÑA,5.335,21/05/2007
"BOLSAS Y MERCADOS ESPAÑOLES, SDAD HOLDING DE MDOS Y STMAS FIN., S.A.","BANCO FINANCIERO Y DE AHORROS, S.A.",4.137,25/05/2011
"BOLSAS Y MERCADOS ESPAÑOLES, SDAD HOLDING DE MDOS Y STMAS FIN., S.A.","BNP PARIBAS, SOCIETE ANONYME",3.051,30/03/2011
"BOLSAS Y MERCADOS ESPAÑOLES, SDAD HOLDING DE MDOS Y STMAS FIN., S.A.","CAIXABANK, S.A.",5.010,08/05/2008
"BOLSAS Y MERCADOS ESPAÑOLES, SDAD HOLDING DE MDOS Y STMAS FIN., S.A.",CAJA DE AHORROS Y PENSIONES DE BARCELONA,5.010,08/05/2008
"GENERAL DE ALQUILER DE MAQUINARIA, S.A.","BANCA CIVICA, S.A.",9.326,30/06/2011
"GENERAL DE ALQUILER DE MAQUINARIA, S.A.","BILBAO BIZKAIA KUTXA, AURREZKI KUTXA ETA BAHITETXEA",5.188,27/11/2008
"GENERAL DE ALQUILER DE MAQUINARIA, S.A.",CAJA DE AHORROS DE ASTURIAS,5.000,28/11/2007
"GENERAL DE ALQUILER DE MAQUINARIA, S.A.","CANTABRICA DE INVERSIONES DE CARTERA, S.L.",5.000,28/11/2007
"GENERAL DE ALQUILER DE MAQUINARIA, S.A.",FONDO DE REESTRUCTURACION ORDENADA BANCARIA,5.052,14/11/2011
"GENERAL DE ALQUILER DE MAQUINARIA, S.A.",GLOVAL PROCESOS CORPORACION 2000 S.A.,10.428,30/10/2006
"GENERAL DE ALQUILER DE MAQUINARIA, S.A.","GOMEZ-SAINZ GARCIA, HECTOR FABIAN",9.474,09/04/2010
"GENERAL DE ALQUILER DE MAQUINARIA, S.A.","GONDARAL TRES, S.L.",5.400,07/04/2010
"GENERAL DE ALQUILER DE MAQUINARIA, S.A.","MARSAL MINGUELLA, RAMON",7.360,21/08/2007
"GENERAL DE ALQUILER DE MAQUINARIA, S.A.",QMC DEVELOPMENT CAPITAL FUND PLC,4.552,28/12/2007
"SOLARIA ENERGIA Y MEDIOAMBIENTE, S.A.","DTL CORPORACION , S.L.",61.532,08/04/2010
"AMADEUS IT HOLDING, S.A.",AIR FRANCE-KLM,15.912,05/05/2010
"AMADEUS IT HOLDING, S.A.","BNP PARIBAS, SOCIETE ANONYME",4.993,08/11/2011
"AMADEUS IT HOLDING, S.A.",DEUTSCHE LUFTHANSA AKTIENGESELLSCHAFT,7.956,05/05/2010
"AMADEUS IT HOLDING, S.A.",GOVERMENT OF SINGAPORE INVESTMENT CORPORATION PTE LTD,5.174,08/07/2011
"AMADEUS IT HOLDING, S.A.","INTERNATIONAL CONSOLIDATED AIRLINES GROUP, S.A.",7.499,10/02/2011
"AMADEUS IT HOLDING, S.A.",MFS INVESTMENT MANAGEMENT,3.015,11/07/2011
"VERTICE TRESCIENTOS SESENTA GRADOS, S.A.",NOMURA HOLDINGS INC,13.290,17/12/2010
"VERTICE TRESCIENTOS SESENTA GRADOS, S.A.","TALLADA GARCIA DE LA FUENTE, JAVIER",3.460,24/05/2010
"VERTICE TRESCIENTOS SESENTA GRADOS, S.A.","TSS LUXEMBOURG I, S.A.R.L.",13.290,03/12/2010
"INTERNATIONAL CONSOLIDATED AIRLINES GROUP, S.A.","BANCO FINANCIERO Y DE AHORROS, S.A.",12.087,25/05/2011
"INTERNATIONAL CONSOLIDATED AIRLINES GROUP, S.A.",BLACKROCK INC.,6.008,21/02/2011
"INTERNATIONAL CONSOLIDATED AIRLINES GROUP, S.A.",SCHRODER PLC,3.191,05/09/2011
"INTERNATIONAL CONSOLIDATED AIRLINES GROUP, S.A.",TEMPLETON GLOBAL ADVISORS LIMITED,5.011,03/10/2011
"BANCA CIVICA, S.A.",ACCION CONCERTADA,55.320,27/07/2011
"NATRACEUTICAL, S.A.","BILBAO BIZKAIA KUTXA, AURREZKI KUTXA ETA BAHITETXEA",4.588,27/11/2008
"NATRACEUTICAL, S.A.","CARAFAL INVESTMENT, S.L.",3.736,26/11/2009
"NATRACEUTICAL, S.A.","HISPANICA DE CALDERERIA, S.A.L.",3.026,06/10/2010
"NATRACEUTICAL, S.A.","INVERSIONES IBERSUIZAS, S.A.",5.000,05/06/2008
"NATRACEUTICAL, S.A.","MORENO TARAZONA, MANUEL",3.736,26/11/2009
"QUABIT INMOBILIARIA, S.A.","CXG CORPORACION NOVACAIXAGALICIA, S.A.",4.084,09/03/2009
"QUABIT INMOBILIARIA, S.A.",FONDO DE REESTRUCTURACION ORDENADA BANCARIA,4.084,14/11/2011
"QUABIT INMOBILIARIA, S.A.","GALIANO FRIAS, JUAN JOSE",24.584,18/12/2009
"QUABIT INMOBILIARIA, S.A.",GEM CAPITAL SAS,"",""
"EUROPEAN AERONAUTIC DEFENCE AND SPACE COMPANY EADS, N.V.",SOCIEDAD ESTATAL DE PARTICIPACIONES INDUSTRIALES,5.540,26/10/2000
"RENO DE MEDICI, S.P.A.","CASSA DI RISPARMIO DELLE PROVINCIE LOMBARDE, S.P.A.",7.979,18/08/1998
"RENO DE MEDICI, S.P.A.","DELL´ARIA BURANI, GIOVANNI",30.345,18/08/1998
"RENO DE MEDICI, S.P.A.","ISFINA, S.P.A.",22.004,18/08/1998
"RENO DE MEDICI, S.P.A.","MAYR MELNHOF KARTON, A.G.",5.670,18/08/1998
"JAZZTEL, PLC.","BNP PARIBAS, SOCIETE ANONYME",5.063,08/11/2011
"JAZZTEL, PLC.",GOVERNANCE FOR OWNERS LLP,4.073,14/07/2011
"ARCELOR MITTAL, S.A.",ESTADO DE LUXEMBURGO,5.622,31/03/2005
ENEL GREEN POWER S.P.A.,ENEL S.P.A.,69.171,16/12/2010
